INSERT INTO
  CBR_PROJECT (id, s_name)
VALUES
  (1, 'Газпром'),
  (2, 'Лукойл'),
  (3, 'Роснефть');

INSERT INTO
  CBR_WORKER (id, s_job, s_first_name, s_last_name, s_middle_name)
VALUES
  (1, 'Руководитель проекта', 'Попов', 'Александр', 'Степанович'),
  (2, 'Архитектор', 'Королёв', 'Сергей', 'Павлович'),
  (3, 'Аналитик', 'Нестеров', 'Пётр', 'Николаевич'),
  (4, 'Разработчик', 'Антонов', 'Олег', 'Константинович'),
  (5, 'Администратор', 'Бармин', 'Владимир', 'Павлович');


INSERT INTO
  CBR_ACCOUNTING (project_id, worker_id, s_task, d_date, d_time)
VALUES
  (1, 1, 'Участие в тендере', TO_DATE('01.12.2019','DD.MM.YYYY'), 4 * 60),
  (1, 2, 'Разработка архитектуры', TO_DATE('02.12.2019','DD.MM.YYYY'), 8 * 60),
  (1, 3, 'Разработка макетов', TO_DATE('03.12.2019','DD.MM.YYYY'), 8 * 60),
  (1, 4, 'Разработка приложения', TO_DATE('04.12.2019','DD.MM.YYYY'), 8 * 60),
  (1, 5, 'Установка на сервер заказчика', TO_DATE('05.12.2019','DD.MM.YYYY'), 2 * 60),
  (2, 1, 'Участие в тендере', TO_DATE('06.12.2019','DD.MM.YYYY'), 4 * 60),
  (2, 2, 'Разработка архитектуры', TO_DATE('07.12.2019','DD.MM.YYYY'), 8 * 60),
  (2, 3, 'Разработка макетов', TO_DATE('08.12.2019','DD.MM.YYYY'), 8 * 60),
  (2, 4, 'Разработка приложения', TO_DATE('09.12.2019','DD.MM.YYYY'), 8 * 60),
  (2, 5, 'Установка на сервер заказчика', TO_DATE('10.12.2019','DD.MM.YYYY'), 2 * 60),
  (3, 1, 'Участие в тендере', TO_DATE('11.12.2019','DD.MM.YYYY'), 4 * 60),
  (3, 2, 'Разработка архитектуры', TO_DATE('12.12.2019','DD.MM.YYYY'), 8 * 60),
  (3, 3, 'Разработка макетов', TO_DATE('13.12.2019','DD.MM.YYYY'), 8 * 60),
  (3, 4, 'Разработка приложения', TO_DATE('14.12.2019','DD.MM.YYYY'), 8 * 60),
  (3, 5, 'Установка на сервер заказчика', TO_DATE('15.12.2019','DD.MM.YYYY'), 2 * 60);
